submitted, ip, country, description
2020-10-04 14:09:18, 45.142.120.31, Iran, SMTP auth brute force 
2020-10-04 14:09:18, 45.142.120.32, Iran, SMTP auth brute force
2020-10-04 14:09:18, 120.79.188.144, China, FTP auth brute force
2020-10-04 14:09:18, 101.89.116.39, China, FTP auth brute force 
2020-10-04 16:42:50, 83.97.20.31, Romania, Port scanning
2020-10-04 20:41:24, 222.186.30.218, China, SSH malicious
2020-10-05 07:40:04, 139.162.247.102, United Kingdom, SSH malicious 
2020-10-07 06:41:54, 82.102.16.195, Germany, FTP auth brute force
2020-10-07 06:41:54, 103.78.242.69, Malaysia, slothfulmedia malware 
2020-10-07 06:41:54, 122.51.173.33, China, FTP auth brute force
2020-10-08 09:00:46, 198.12.66.108, United States, AgentTesla LimeRat 
2020-10-08 13:14:16, 31.145.137.246, Turkey, FTP auth brute force
2020-10-09 16:49:51, 185.57.31.12, Russia, FTP auth brute force
2020-10-11 00:13:21, 45.142.120.60, Iran, FTP auth brute force
2020-10-12 08:15:02, 39.100.156.159, China, Port scanning 
2020-10-13 06:52:07, 39.98.150.44, China, Port scanning 
2020-10-14 08:26:14, 45.142.120.74, Iran, FTP auth brute force
2020-10-14 09:41:10,185.220.101.140, Netherlands, Tor Relay / Malicious web activity
2020-10-14 09:41:10,185.220.101.10, Netherlands, Tor Relay / Malicious web activity